-- --------------------------------------------------------
-- Host:                         127.0.0.1
-- Server Version:               5.7.26 - MySQL Community Server (GPL)
-- Server Betriebssystem:        Win64
-- HeidiSQL Version:             11.3.0.6295
-- --------------------------------------------------------

/*!40101 SET @OLD_CHARACTER_SET_CLIENT=@@CHARACTER_SET_CLIENT */;
/*!40101 SET NAMES utf8 */;
/*!50503 SET NAMES utf8mb4 */;
/*!40014 SET @OLD_FOREIGN_KEY_CHECKS=@@FOREIGN_KEY_CHECKS, FOREIGN_KEY_CHECKS=0 */;
/*!40101 SET @OLD_SQL_MODE=@@SQL_MODE, SQL_MODE='NO_AUTO_VALUE_ON_ZERO' */;
/*!40111 SET @OLD_SQL_NOTES=@@SQL_NOTES, SQL_NOTES=0 */;


-- Exportiere Datenbank Struktur für stock_analysis
CREATE DATABASE IF NOT EXISTS `stock_analysis` /*!40100 DEFAULT CHARACTER SET latin1 */;
USE `stock_analysis`;

-- Exportiere Struktur von Tabelle stock_analysis.country
CREATE TABLE IF NOT EXISTS `country` (
  `country_id` varchar(10) NOT NULL,
  `language` varchar(10) NOT NULL,
  `name` varchar(255) NOT NULL,
  PRIMARY KEY (`country_id`,`language`)
) ENGINE=MyISAM DEFAULT CHARSET=latin1;

-- Exportiere Daten aus Tabelle stock_analysis.country: 251 rows
/*!40000 ALTER TABLE `country` DISABLE KEYS */;
INSERT INTO `country` (`country_id`, `language`, `name`) VALUES
	('AX', 'deu', 'Åland'),
	('AL', 'deu', 'Albanien'),
	('DZ', 'deu', 'Algerien'),
	('AS', 'deu', 'Amerikanisch-Samoa'),
	('AD', 'deu', 'Andorra'),
	('AO', 'deu', 'Angola'),
	('AI', 'deu', 'Anguilla'),
	('AQ', 'deu', 'Antarktis'),
	('AG', 'deu', 'Antigua und Barbuda'),
	('AR', 'deu', 'Argentinien'),
	('AM', 'deu', 'Armenien'),
	('AW', 'deu', 'Aruba'),
	('AU', 'deu', 'Australien'),
	('AT', 'deu', 'Österreich'),
	('AZ', 'deu', 'Aserbaidschan'),
	('BS', 'deu', 'Bahamas'),
	('BH', 'deu', 'Bahrain'),
	('BD', 'deu', 'Bangladesch'),
	('BB', 'deu', 'Barbados'),
	('BY', 'deu', 'Weißrussland'),
	('BE', 'deu', 'Belgien'),
	('BZ', 'deu', 'Belize'),
	('BJ', 'deu', 'Benin'),
	('BM', 'deu', 'Bermuda'),
	('BT', 'deu', 'Bhutan'),
	('BO', 'deu', 'Bolivien'),
	('BQ', 'deu', 'Bonaire, Sint Eustatius und Saba'),
	('BA', 'deu', 'Bosnien und Herzegowina'),
	('BW', 'deu', 'Botswana'),
	('BV', 'deu', 'Bouvetinsel'),
	('BR', 'deu', 'Brasilien'),
	('IO', 'deu', 'Britisches Territorium im Indischen Ozean'),
	('VG', 'deu', 'Britische Jungferninseln'),
	('BN', 'deu', 'Brunei'),
	('BG', 'deu', 'Bulgarien'),
	('BF', 'deu', 'Burkina Faso'),
	('BI', 'deu', 'Burundi'),
	('KH', 'deu', 'Kambodscha'),
	('CM', 'deu', 'Kamerun'),
	('CA', 'deu', 'Kanada'),
	('CV', 'deu', 'Kap Verde'),
	('KY', 'deu', 'Kaimaninseln'),
	('CF', 'deu', 'Zentralafrikanische Republik'),
	('TD', 'deu', 'Tschad'),
	('CL', 'deu', 'Chile'),
	('CN', 'deu', 'China'),
	('CX', 'deu', 'Weihnachtsinsel'),
	('CC', 'deu', 'Kokosinseln'),
	('CO', 'deu', 'Kolumbien'),
	('KM', 'deu', 'Komoren'),
	('CK', 'deu', 'Cookinseln'),
	('CR', 'deu', 'Costa Rica'),
	('HR', 'deu', 'Kroatien'),
	('CU', 'deu', 'Kuba'),
	('CW', 'deu', 'Curacao'),
	('CY', 'deu', 'Zypern'),
	('CZ', 'deu', 'Tschechische Republik'),
	('CD', 'deu', 'Demokratische Republik Kongo'),
	('DK', 'deu', 'Dänemark'),
	('DJ', 'deu', 'Dschibuti'),
	('DM', 'deu', 'Dominica'),
	('DO', 'deu', 'Dominikanische Republik'),
	('TL', 'deu', 'Osttimor'),
	('EC', 'deu', 'Ecuador'),
	('EG', 'deu', 'Ägypten'),
	('SV', 'deu', 'El Salvador'),
	('GQ', 'deu', 'Äquatorialguinea'),
	('ER', 'deu', 'Eritrea'),
	('EE', 'deu', 'Estland'),
	('ET', 'deu', 'Äthiopien'),
	('FK', 'deu', 'Falkland-Inseln'),
	('FO', 'deu', 'Färöer-Inseln'),
	('FJ', 'deu', 'Fidschi'),
	('FI', 'deu', 'Finnland'),
	('FR', 'deu', 'Frankreich'),
	('GF', 'deu', 'Französisch-Guayana'),
	('PF', 'deu', 'Französisch-Polynesien'),
	('TF', 'deu', 'Französische Süd- und Antarktisgebiete'),
	('GA', 'deu', 'Gabun'),
	('GM', 'deu', 'Gambia'),
	('GE', 'deu', 'Georgien'),
	('DE', 'deu', 'Deutschland'),
	('GH', 'deu', 'Ghana'),
	('GI', 'deu', 'Gibraltar'),
	('GR', 'deu', 'Griechenland'),
	('GL', 'deu', 'Grönland'),
	('GD', 'deu', 'Grenada'),
	('GP', 'deu', 'Guadeloupe'),
	('GU', 'deu', 'Guam'),
	('GT', 'deu', 'Guatemala'),
	('GG', 'deu', 'Guernsey'),
	('GN', 'deu', 'Guinea'),
	('GW', 'deu', 'Guinea-Bissau'),
	('GY', 'deu', 'Guyana'),
	('HT', 'deu', 'Haiti'),
	('HM', 'deu', 'Heard und McDonaldinseln'),
	('HN', 'deu', 'Honduras'),
	('HK', 'deu', 'Hongkong'),
	('HU', 'deu', 'Ungarn'),
	('IS', 'deu', 'Island'),
	('IN', 'deu', 'Indien'),
	('ID', 'deu', 'Indonesien'),
	('IR', 'deu', 'Iran'),
	('IQ', 'deu', 'Irak'),
	('IE', 'deu', 'Irland'),
	('IM', 'deu', 'Isle of Man'),
	('IL', 'deu', 'Israel'),
	('IT', 'deu', 'Italien'),
	('CI', 'deu', 'Elfenbeinküste'),
	('JM', 'deu', 'Jamaika'),
	('JP', 'deu', 'Japan'),
	('JE', 'deu', 'Jersey'),
	('JO', 'deu', 'Jordanien'),
	('KZ', 'deu', 'Kasachstan'),
	('KE', 'deu', 'Kenia'),
	('KI', 'deu', 'Kiribati'),
	('XK', 'deu', 'Kosovo'),
	('KW', 'deu', 'Kuwait'),
	('KG', 'deu', 'Kirgisistan'),
	('LA', 'deu', 'Laos'),
	('LV', 'deu', 'Lettland'),
	('LB', 'deu', 'Libanon'),
	('LS', 'deu', 'Lesotho'),
	('LR', 'deu', 'Liberia'),
	('LY', 'deu', 'Libyen'),
	('LI', 'deu', 'Liechtenstein'),
	('LT', 'deu', 'Litauen'),
	('LU', 'deu', 'Luxemburg'),
	('MO', 'deu', 'Macao'),
	('MK', 'deu', 'Mazedonien'),
	('MG', 'deu', 'Madagaskar'),
	('MW', 'deu', 'Malawi'),
	('MY', 'deu', 'Malaysia'),
	('MV', 'deu', 'Malediven'),
	('ML', 'deu', 'Mali'),
	('MT', 'deu', 'Malta'),
	('MH', 'deu', 'Marshallinseln'),
	('MQ', 'deu', 'Martinique'),
	('MR', 'deu', 'Mauretanien'),
	('MU', 'deu', 'Mauritius'),
	('YT', 'deu', 'Mayotte'),
	('MX', 'deu', 'Mexiko'),
	('FM', 'deu', 'Mikronesien'),
	('MD', 'deu', 'Moldawien'),
	('MC', 'deu', 'Monaco'),
	('MN', 'deu', 'Mongolei'),
	('ME', 'deu', 'Montenegro'),
	('MS', 'deu', 'Montserrat'),
	('MA', 'deu', 'Marokko'),
	('MZ', 'deu', 'Mosambik'),
	('MM', 'deu', 'Myanmar'),
	('NA', 'deu', 'Namibia'),
	('NR', 'deu', 'Nauru'),
	('NP', 'deu', 'Nepal'),
	('NL', 'deu', 'Niederlande'),
	('AN', 'deu', 'Niederländische Antillen'),
	('NC', 'deu', 'Neukaledonien'),
	('NZ', 'deu', 'Neuseeland'),
	('NI', 'deu', 'Nicaragua'),
	('NE', 'deu', 'Niger'),
	('NG', 'deu', 'Nigeria'),
	('NU', 'deu', 'Niue'),
	('NF', 'deu', 'Norfolkinsel'),
	('KP', 'deu', 'Nordkorea'),
	('MP', 'deu', 'Nördliche Marianen'),
	('NO', 'deu', 'Norwegen'),
	('OM', 'deu', 'Oman'),
	('PK', 'deu', 'Pakistan'),
	('PW', 'deu', 'Palau'),
	('PS', 'deu', 'Palästinensische Autonomiegebiete'),
	('PA', 'deu', 'Panama'),
	('PG', 'deu', 'Papua-Neuguinea'),
	('PY', 'deu', 'Paraguay'),
	('PE', 'deu', 'Peru'),
	('PH', 'deu', 'Philippinen'),
	('PN', 'deu', 'Pitcairninseln'),
	('PL', 'deu', 'Polen'),
	('PT', 'deu', 'Portugal'),
	('PR', 'deu', 'Puerto Rico'),
	('QA', 'deu', 'Katar'),
	('CG', 'deu', 'Republik Kongo'),
	('RE', 'deu', 'Réunion'),
	('RO', 'deu', 'Rumänien'),
	('RU', 'deu', 'Russland'),
	('RW', 'deu', 'Ruanda'),
	('BL', 'deu', 'Saint-Barthélemy'),
	('SH', 'deu', 'St. Helena'),
	('KN', 'deu', 'St. Kitts und Nevis'),
	('LC', 'deu', 'St. Lucia'),
	('MF', 'deu', 'St. Martin'),
	('PM', 'deu', 'Saint-Pierre und Miquelon'),
	('VC', 'deu', 'St. Vincent und die Grenadinen'),
	('WS', 'deu', 'Samoa'),
	('SM', 'deu', 'San Marino'),
	('ST', 'deu', 'São Tomé und Príncipe'),
	('SA', 'deu', 'Saudi-Arabien'),
	('SN', 'deu', 'Senegal'),
	('RS', 'deu', 'Serbien'),
	('CS', 'deu', 'Serbien und Montenegro'),
	('SC', 'deu', 'Seychellen'),
	('SL', 'deu', 'Sierra Leone'),
	('SG', 'deu', 'Singapur'),
	('SX', 'deu', 'Sint Maarten'),
	('SK', 'deu', 'Slowakei'),
	('SI', 'deu', 'Slowenien'),
	('SB', 'deu', 'Salomon-Inseln'),
	('SO', 'deu', 'Somalia'),
	('ZA', 'deu', 'Südafrika'),
	('GS', 'deu', 'Südgeorgien und die Südlichen Sandwichinseln'),
	('KR', 'deu', 'Südkorea'),
	('SS', 'deu', 'Südsudan'),
	('ES', 'deu', 'Spanien'),
	('LK', 'deu', 'Sri Lanka'),
	('SD', 'deu', 'Sudan'),
	('SR', 'deu', 'Suriname'),
	('SJ', 'deu', 'Svalbard und Jan Mayen'),
	('SZ', 'deu', 'Swasiland'),
	('SE', 'deu', 'Schweden'),
	('CH', 'deu', 'Schweiz'),
	('SY', 'deu', 'Syrien'),
	('TW', 'deu', 'Taiwan'),
	('TJ', 'deu', 'Tadschikistan'),
	('TZ', 'deu', 'Tansania'),
	('TH', 'deu', 'Thailand'),
	('TG', 'deu', 'Togo'),
	('TK', 'deu', 'Tokelau'),
	('TO', 'deu', 'Tonga'),
	('TT', 'deu', 'Trinidad und Tobago'),
	('TN', 'deu', 'Tunesien'),
	('TR', 'deu', 'Türkei'),
	('TM', 'deu', 'Turkmenistan'),
	('TC', 'deu', 'Turks- und Caicosinseln'),
	('TV', 'deu', 'Tuvalu'),
	('VI', 'deu', 'Amerikanische Jungferninseln'),
	('UG', 'deu', 'Uganda'),
	('UA', 'deu', 'Ukraine'),
	('AE', 'deu', 'Vereinte Arabische Emirate'),
	('GB', 'deu', 'Großbritannien'),
	('US', 'deu', 'Vereinigte Staaten von Amerika (USA)'),
	('UM', 'deu', 'United States Minor Outlying Islands'),
	('UY', 'deu', 'Uruguay'),
	('UZ', 'deu', 'Usbekistan'),
	('VU', 'deu', 'Vanuatu'),
	('VA', 'deu', 'Vatikanstadt'),
	('VE', 'deu', 'Venezuela'),
	('VN', 'deu', 'Vietnam'),
	('WF', 'deu', 'Wallis und Futuna'),
	('EH', 'deu', 'Westsahara'),
	('YE', 'deu', 'Jemen'),
	('ZM', 'deu', 'Sambia'),
	('ZW', 'deu', 'Simbabwe');
/*!40000 ALTER TABLE `country` ENABLE KEYS */;

-- Exportiere Struktur von Tabelle stock_analysis.exchange
CREATE TABLE IF NOT EXISTS `exchange` (
  `exchange_id` int(11) NOT NULL AUTO_INCREMENT,
  `name` varchar(255) NOT NULL,
  `country` varchar(50) NOT NULL,
  `symbol` varchar(20) NOT NULL,
  PRIMARY KEY (`exchange_id`),
  KEY `idx_exchange_name` (`name`),
  KEY `idx_exchange_country` (`country`)
) ENGINE=MyISAM AUTO_INCREMENT=21 DEFAULT CHARSET=latin1;

-- Exportiere Daten aus Tabelle stock_analysis.exchange: 20 rows
/*!40000 ALTER TABLE `exchange` DISABLE KEYS */;
INSERT INTO `exchange` (`exchange_id`, `name`, `country`, `symbol`) VALUES
	(1, 'Börse Frankfurt', 'DE', 'XFRA'),
	(2, 'Xetra', 'DE', 'XETR'),
	(3, 'Tradegate Exchange', 'DE', 'TGAT'),
	(4, 'Eurex', 'DE', 'XEUR'),
	(5, 'Börse Berlin', 'DE', 'XBER'),
	(6, 'Börse Düsseldorf', 'DE', 'XDUS'),
	(7, 'Börse Hamburg', 'DE', 'XHAM'),
	(8, 'Börse Hannover', 'DE', 'XHAN'),
	(9, 'Börse München', 'DE', 'XMUN'),
	(10, 'Börse Stuttgart', 'DE', 'XSTU'),
	(11, 'NYSE', 'USA', 'XNYS'),
	(12, 'NASDAQ', 'USA', 'XNAS'),
	(13, 'Tokyo Stock Exchange', 'Japan', 'XJPX'),
	(14, 'Shanghai Stock Exchange', 'China', 'XSGE'),
	(15, 'London Stock Exchange', 'England', 'XLON'),
	(16, 'Euronext', 'Eurozone', 'XBRU, XPAR'),
	(17, 'Hong Kong Stock Exchange', 'China', 'XHKG'),
	(18, 'Shenzhen Stock Exchange', 'China', 'XSHE'),
	(19, 'Toronto Stock Exchange', 'Kanada', 'XTSE'),
	(20, 'Bombay Stock Exchange', 'Indien', 'XBOM');
/*!40000 ALTER TABLE `exchange` ENABLE KEYS */;

-- Exportiere Struktur von Tabelle stock_analysis.index
CREATE TABLE IF NOT EXISTS `index` (
  `index_id` int(11) NOT NULL AUTO_INCREMENT,
  `name` varchar(255) NOT NULL,
  `country` varchar(50) NOT NULL,
  PRIMARY KEY (`index_id`) USING BTREE,
  KEY `idx_stock_index_name` (`name`),
  KEY `idx_stock_index_country` (`country`)
) ENGINE=MyISAM AUTO_INCREMENT=15 DEFAULT CHARSET=latin1;

-- Exportiere Daten aus Tabelle stock_analysis.index: 14 rows
/*!40000 ALTER TABLE `index` DISABLE KEYS */;
INSERT INTO `index` (`index_id`, `name`, `country`) VALUES
	(1, 'DAX', 'DE'),
	(2, 'TecDAX', 'DE'),
	(3, 'MDAX', 'DE'),
	(4, 'SDAX', 'DE'),
	(5, 'SMI', 'CH'),
	(6, 'SPI', 'CH'),
	(7, 'SMIM', 'CH'),
	(8, 'VSMI', 'CH'),
	(9, 'SLI', 'CH'),
	(10, 'SBI', 'CH'),
	(11, 'DowJones', 'US'),
	(12, 'NASDAQ Comp', 'US'),
	(13, 'S&P500', 'US'),
	(14, 'NASDAQ 100', 'US');
/*!40000 ALTER TABLE `index` ENABLE KEYS */;

-- Exportiere Struktur von Tabelle stock_analysis.sector
CREATE TABLE IF NOT EXISTS `sector` (
  `sector_id` int(10) unsigned NOT NULL AUTO_INCREMENT,
  `language` varchar(50) NOT NULL,
  `name` varchar(255) NOT NULL,
  PRIMARY KEY (`sector_id`,`language`) USING BTREE,
  KEY `idx_sector_name` (`name`)
) ENGINE=MyISAM AUTO_INCREMENT=43 DEFAULT CHARSET=latin1;

-- Exportiere Daten aus Tabelle stock_analysis.sector: 42 rows
/*!40000 ALTER TABLE `sector` DISABLE KEYS */;
INSERT INTO `sector` (`sector_id`, `language`, `name`) VALUES
	(1, 'deu', 'Anlagenbau'),
	(2, 'deu', 'Automobilproduktion'),
	(3, 'deu', 'Automobilzulieferer'),
	(4, 'deu', 'Banken'),
	(5, 'deu', 'Baustoffe'),
	(6, 'deu', 'Bekleidung'),
	(7, 'deu', 'Beteiligungsgesellschaft'),
	(8, 'deu', 'Biotechnologie'),
	(9, 'deu', 'Börsen'),
	(10, 'deu', 'Chemie'),
	(11, 'deu', 'Chemikalienhändler'),
	(12, 'deu', 'Duftstoffe'),
	(13, 'deu', 'Einzelhandel'),
	(14, 'deu', 'Elektrotechnik'),
	(15, 'deu', 'Energie'),
	(16, 'deu', 'Finanzdienstleistungen'),
	(17, 'deu', 'Freizeit'),
	(18, 'deu', 'Halbleiter'),
	(19, 'deu', 'Hardware'),
	(20, 'deu', 'Immobilien'),
	(21, 'deu', 'Industriegase'),
	(22, 'deu', 'Informationstechnik'),
	(23, 'deu', 'Investmentbanking'),
	(24, 'deu', 'Klinikbetrieb'),
	(25, 'deu', 'Konsumgüter'),
	(26, 'deu', 'Lebensmitteleinzelhandel'),
	(27, 'deu', 'Logistik'),
	(28, 'deu', 'Luft- und Raumfahrt'),
	(29, 'deu', 'Maschinenbau'),
	(30, 'deu', 'Medien'),
	(31, 'deu', 'Medizintechnik'),
	(32, 'deu', 'Mischkonzern'),
	(33, 'deu', 'Modeversand'),
	(34, 'deu', 'Nahrungsmittel'),
	(35, 'deu', 'Onlinedienste'),
	(36, 'deu', 'Pharma'),
	(37, 'deu', 'Rüstung'),
	(38, 'deu', 'Software'),
	(39, 'deu', 'Sportartikel'),
	(40, 'deu', 'Telekommunikation'),
	(41, 'deu', 'Versicherungen'),
	(42, 'deu', 'Versorger');
/*!40000 ALTER TABLE `sector` ENABLE KEYS */;

-- Exportiere Struktur von Tabelle stock_analysis.stock
CREATE TABLE IF NOT EXISTS `stock` (
  `stock_id` int(10) unsigned NOT NULL AUTO_INCREMENT,
  `name` varchar(255) NOT NULL,
  `country` varchar(50) NOT NULL,
  `market_capitalization` bigint(20) DEFAULT NULL,
  `isin` varchar(20) DEFAULT NULL,
  `symbol` varchar(20) NOT NULL,
  PRIMARY KEY (`stock_id`) USING BTREE,
  KEY `idx_company_name` (`name`),
  KEY `idx_company_country` (`country`),
  KEY `idx_company_market_capitalization` (`market_capitalization`)
) ENGINE=MyISAM AUTO_INCREMENT=71 DEFAULT CHARSET=latin1;

-- Exportiere Daten aus Tabelle stock_analysis.stock: 70 rows
/*!40000 ALTER TABLE `stock` DISABLE KEYS */;
INSERT INTO `stock` (`stock_id`, `name`, `country`, `market_capitalization`, `isin`, `symbol`) VALUES
	(1, 'Adidas', 'DE', 48649, 'DE000A1EWWW0', 'ADS'),
	(2, 'Airbus', 'DE', 77445, 'NL0000235190', 'AIR'),
	(3, 'Allianz', 'DE', 80981, 'DE0008404005', 'ALV'),
	(4, 'BASF', 'DE', 53639, 'DE000BASF111', 'BAS'),
	(5, 'Bayer', 'DE', 43477, 'DE0005190003', 'BAYN'),
	(6, 'Beiersdorf AG', 'DE', 19937, 'DE000BAY0017', 'BEI'),
	(7, 'BMW', 'DE', 54601, 'DE0005200000', 'BMW'),
	(8, 'Brenntag', 'DE', 11693, 'DE000A1DAHH0', 'BNR'),
	(9, 'Continental', 'DE', 18513, 'DE0005439004', 'CON'),
	(10, 'Covestro', 'DE', 9793, 'DE0006062144', '1COV'),
	(14, 'Deutsche Boerse', 'DE', 25262, 'DE0005810055', 'DB1'),
	(15, 'Deutsche Post', 'DE', 64406, 'DE0005552004', 'DPW'),
	(16, 'Deutsche Telekom', 'DE', 76876, 'DE0005557508', 'DTE'),
	(17, 'E.ON', 'DE', 28045, 'DE000ENAG999', 'EOAN'),
	(18, 'Fresenius', 'DE', 18492, 'DE0005785802', 'FRE'),
	(19, 'Fresenius Medical Care', 'DE', 15799, 'DE0005785604', 'FME'),
	(20, 'HeidelbergCement', 'DE', 11941, 'DE0006047004', 'HEI'),
	(21, 'HelloFresh', 'DE', 14537, 'DE000A161408', 'HFG'),
	(22, 'Henkel', 'DE', 30457, 'DE0006048432', 'HEN3'),
	(23, 'Infineon', 'DE', 52263, 'DE0006231004', 'IFX'),
	(24, 'Linde', 'DE', 145581, 'IE00BZ12WP82', 'LIN'),
	(25, 'Merck', 'DE', 92869, 'DE0006599905', 'MRK'),
	(26, 'MTU Aero Engines', 'DE', 8678, 'DE000A0D9PT0', 'MTX'),
	(27, 'Muenchener Rueck', 'DE', 34436, 'DE0008430026', 'MUV2'),
	(28, 'Porsche SE', 'DE', 22712, 'DE000PAH0038', 'PAH3'),
	(29, 'Puma', 'DE', 15579, 'DE0006969603', 'PUM'),
	(30, 'Qiagen', 'DE', 10964, 'NL0012169213', 'QIA'),
	(31, 'RWE', 'DE', 23424, 'DE0007037129', 'RWE'),
	(32, 'SAP', 'DE', 134663, 'DE0007164600', 'SAP'),
	(33, 'Sartorius', 'DE', 36382, 'DE0007165631', 'SRT3'),
	(34, 'Siemens', 'DE', 117577, 'DE0007236101', 'SIE'),
	(35, 'Siemens Energy', 'DE', 16336, 'DE000ENER6Y0', 'ENR'),
	(36, 'Siemens Healthineers', 'DE', 71604, 'DE000SHL1006', 'SHL'),
	(37, 'Symrise', 'DE', 17388, 'DE000SYM9999', 'SY1'),
	(38, 'Volkswagen', 'DE', 113761, 'DE0007664039', 'VOW3'),
	(39, 'Vonovia', 'DE', 38876, 'DE000A1ML7J1', 'VNA'),
	(40, 'Zalando', 'DE', 19450, 'DE000ZAL1111', 'ZAL'),
	(41, '3M Company', 'US', 89631, 'US88579Y1010', 'MMM'),
	(42, 'American Express', 'US', 120557, 'US0258161092', 'AXP'),
	(43, 'Amgen', 'US', 108889, 'US0311621009', 'AMGN'),
	(44, 'Apple', 'US', 2558844, 'US0378331005', 'AAPL'),
	(45, 'Boeing', 'US', 104732, 'US0970231058', 'BA'),
	(46, 'Caterpillar', 'US', 98290, 'US1491231015', 'CAT'),
	(47, 'Chevron', 'US', 200960, 'US1667641005', 'CVX'),
	(48, 'Cisco Systems', 'US', 212163, 'US17275R1023', 'CSCO'),
	(49, 'Coca-Cola', 'US', 208705, 'US1912161007', 'KO'),
	(50, 'Walt Disney', 'US', 245828, 'US2546871060', 'DIS'),
	(51, 'Dow', 'US', 36236, 'US2605571031', 'DOW'),
	(52, 'Goldman Sachs', 'US', 120528, 'US38141G1040', 'GS'),
	(53, 'Home Depot', 'US', 388330, 'US4370761029', 'HD'),
	(54, 'Honeywell', 'US', 123399, 'US4385161066', 'HON'),
	(55, 'IBM', 'US', 96947, 'US4581401001', 'IBM'),
	(56, 'Intel', 'US', 187565, 'US4592001014', 'INTC'),
	(57, 'Johnson & Johnson', 'US', 381087, 'US4781601046', 'JNJ'),
	(58, 'JP Morgan Chase', 'US', 419057, 'US46625H1005', 'JPM'),
	(59, 'McDonald\'s', 'US', 170556, 'US5801351017', 'MCD'),
	(60, 'Merck & Co', 'US', 163762, 'US58933Y1055', 'MRK'),
	(61, 'Microsoft', 'US', 2218454, 'US5949181045', 'MSFT'),
	(62, 'Nike', 'US', 191765, 'US6541061031', 'NKE'),
	(63, 'Procter & Gamble', 'US', 332714, 'US7427181091', 'PG'),
	(64, 'Salesforce.com', 'US', 215975, 'US79466L3024', 'CRM'),
	(65, 'Travelers Companies', 'US', 33457, 'US89417E1091', 'TRV'),
	(66, 'UnitedHealth Group', 'US', 386352, 'US91324P1021', 'UNH'),
	(67, 'Verizon', 'US', 184271, 'US92343V1044', 'VZ'),
	(68, 'Visa', 'US', 312042, 'US92826C8394', 'V'),
	(69, 'Walgreens Boots Alliance', 'US', 36886, 'US9314271084', 'WBA'),
	(70, 'Walmart', 'US', 340845, 'US9311421039', 'WMT'),
	(11, 'Daimler', 'DE', 91610, 'DE0007100000', 'DAI'),
	(12, 'Delivery Hero', 'DE', 25696, 'DE000A2E4K43', 'DHER'),
	(13, 'Deutsche Bank', 'DE', 22183, 'DE0005140008', 'DBK');
/*!40000 ALTER TABLE `stock` ENABLE KEYS */;

-- Exportiere Struktur von Tabelle stock_analysis.stock_exchange
CREATE TABLE IF NOT EXISTS `stock_exchange` (
  `stock_id` int(11) NOT NULL,
  `exchange_id` int(11) NOT NULL,
  PRIMARY KEY (`stock_id`,`exchange_id`) USING BTREE
) ENGINE=MyISAM DEFAULT CHARSET=latin1;

-- Exportiere Daten aus Tabelle stock_analysis.stock_exchange: 70 rows
/*!40000 ALTER TABLE `stock_exchange` DISABLE KEYS */;
INSERT INTO `stock_exchange` (`stock_id`, `exchange_id`) VALUES
	(1, 1),
	(2, 1),
	(3, 1),
	(4, 1),
	(5, 1),
	(6, 1),
	(7, 1),
	(8, 1),
	(9, 1),
	(10, 1),
	(11, 1),
	(12, 1),
	(13, 1),
	(14, 1),
	(15, 1),
	(16, 1),
	(17, 1),
	(18, 1),
	(19, 1),
	(20, 1),
	(21, 1),
	(22, 1),
	(23, 1),
	(24, 1),
	(25, 1),
	(26, 1),
	(27, 1),
	(28, 1),
	(29, 1),
	(30, 1),
	(31, 1),
	(32, 1),
	(33, 1),
	(34, 1),
	(35, 1),
	(36, 1),
	(37, 1),
	(38, 1),
	(39, 1),
	(40, 1),
	(41, 11),
	(42, 11),
	(43, 11),
	(44, 11),
	(45, 11),
	(46, 11),
	(47, 11),
	(48, 11),
	(49, 11),
	(50, 11),
	(51, 11),
	(52, 11),
	(53, 11),
	(54, 11),
	(55, 11),
	(56, 11),
	(57, 11),
	(58, 11),
	(59, 11),
	(60, 11),
	(61, 11),
	(62, 11),
	(63, 11),
	(64, 11),
	(65, 11),
	(66, 11),
	(67, 11),
	(68, 11),
	(69, 11),
	(70, 11);
/*!40000 ALTER TABLE `stock_exchange` ENABLE KEYS */;

-- Exportiere Struktur von Tabelle stock_analysis.stock_index
CREATE TABLE IF NOT EXISTS `stock_index` (
  `stock_id` int(11) NOT NULL,
  `index_id` int(11) NOT NULL,
  PRIMARY KEY (`stock_id`,`index_id`) USING BTREE
) ENGINE=MyISAM DEFAULT CHARSET=latin1;

-- Exportiere Daten aus Tabelle stock_analysis.stock_index: 70 rows
/*!40000 ALTER TABLE `stock_index` DISABLE KEYS */;
INSERT INTO `stock_index` (`stock_id`, `index_id`) VALUES
	(1, 1),
	(2, 1),
	(3, 1),
	(4, 1),
	(5, 1),
	(6, 1),
	(7, 1),
	(8, 1),
	(9, 1),
	(10, 1),
	(11, 1),
	(12, 1),
	(13, 1),
	(14, 1),
	(15, 1),
	(16, 1),
	(17, 1),
	(18, 1),
	(19, 1),
	(20, 1),
	(21, 1),
	(22, 1),
	(23, 1),
	(24, 1),
	(25, 1),
	(26, 1),
	(27, 1),
	(28, 1),
	(29, 1),
	(30, 1),
	(31, 1),
	(32, 1),
	(33, 1),
	(34, 1),
	(35, 1),
	(36, 1),
	(37, 1),
	(38, 1),
	(39, 1),
	(40, 1),
	(41, 11),
	(42, 11),
	(43, 11),
	(44, 11),
	(45, 11),
	(46, 11),
	(47, 11),
	(48, 11),
	(49, 11),
	(50, 11),
	(51, 11),
	(52, 11),
	(53, 11),
	(54, 11),
	(55, 11),
	(56, 11),
	(57, 11),
	(58, 11),
	(59, 11),
	(60, 11),
	(61, 11),
	(62, 11),
	(63, 11),
	(64, 11),
	(65, 11),
	(66, 11),
	(67, 11),
	(68, 11),
	(69, 11),
	(70, 11);
/*!40000 ALTER TABLE `stock_index` ENABLE KEYS */;

-- Exportiere Struktur von Tabelle stock_analysis.stock_sector
CREATE TABLE IF NOT EXISTS `stock_sector` (
  `stock_id` int(10) unsigned NOT NULL,
  `sector_id` int(10) unsigned NOT NULL,
  PRIMARY KEY (`stock_id`,`sector_id`) USING BTREE
) ENGINE=MyISAM DEFAULT CHARSET=latin1;

-- Exportiere Daten aus Tabelle stock_analysis.stock_sector: 79 rows
/*!40000 ALTER TABLE `stock_sector` DISABLE KEYS */;
INSERT INTO `stock_sector` (`stock_id`, `sector_id`) VALUES
	(1, 6),
	(2, 28),
	(2, 37),
	(3, 41),
	(4, 10),
	(5, 10),
	(5, 36),
	(6, 25),
	(7, 2),
	(8, 11),
	(9, 3),
	(10, 10),
	(11, 2),
	(12, 35),
	(13, 4),
	(14, 9),
	(15, 27),
	(16, 40),
	(17, 42),
	(18, 24),
	(18, 31),
	(19, 31),
	(20, 5),
	(21, 26),
	(22, 10),
	(22, 25),
	(23, 18),
	(24, 1),
	(24, 21),
	(25, 10),
	(25, 36),
	(26, 28),
	(27, 41),
	(28, 7),
	(29, 39),
	(30, 8),
	(31, 42),
	(32, 38),
	(33, 8),
	(34, 14),
	(35, 14),
	(36, 31),
	(37, 12),
	(38, 2),
	(39, 20),
	(40, 33),
	(41, 32),
	(42, 4),
	(43, 8),
	(44, 19),
	(44, 38),
	(45, 28),
	(46, 29),
	(47, 15),
	(48, 22),
	(49, 34),
	(50, 17),
	(50, 30),
	(51, 10),
	(52, 23),
	(53, 13),
	(54, 32),
	(55, 22),
	(56, 22),
	(57, 25),
	(57, 36),
	(58, 4),
	(59, 34),
	(60, 36),
	(61, 38),
	(62, 39),
	(63, 25),
	(64, 22),
	(65, 4),
	(66, 41),
	(67, 40),
	(68, 16),
	(69, 36),
	(70, 13);
/*!40000 ALTER TABLE `stock_sector` ENABLE KEYS */;

/*!40101 SET SQL_MODE=IFNULL(@OLD_SQL_MODE, '') */;
/*!40014 SET FOREIGN_KEY_CHECKS=IFNULL(@OLD_FOREIGN_KEY_CHECKS, 1) */;
/*!40101 SET CHARACTER_SET_CLIENT=@OLD_CHARACTER_SET_CLIENT */;
/*!40111 SET SQL_NOTES=IFNULL(@OLD_SQL_NOTES, 1) */;
